{
	"class_name" : "PinholeCameraParameters",
	"extrinsic" : 
	[
		-0.30196968247238837,
		0.46920932486937339,
		-0.82985355354011225,
		0.0,
		-0.76018997846554037,
		0.40676468102932745,
		0.50660999882322777,
		0.0,
		0.57526125152671836,
		0.78382721547719725,
		0.23385762499687129,
		0.0,
		-0.42025877810095752,
		-0.72602601673523381,
		0.027359756669080165,
		1.0
	],
	"intrinsic" : 
	{
		"height" : 705,
		"intrinsic_matrix" : 
		[
			610.54790966802932,
			0.0,
			0.0,
			0.0,
			610.54790966802932,
			0.0,
			682.5,
			352.0,
			1.0
		],
		"width" : 1366
	},
	"version_major" : 1,
	"version_minor" : 0
}