{
	"class_name" : "PinholeCameraParameters",
	"extrinsic" : 
	[
		-0.63697044391250501,
		0.31016339626855383,
		-0.70573884773127127,
		0.0,
		-0.54258619963362553,
		0.46993661542521253,
		0.69624693424806949,
		0.0,
		0.54760283924487274,
		0.82641287810503772,
		-0.13104535609132498,
		0.0,
		-0.41740617724037948,
		-0.76897337536840804,
		0.19773450291086689,
		1.0
	],
	"intrinsic" : 
	{
		"height" : 705,
		"intrinsic_matrix" : 
		[
			610.54790966802932,
			0.0,
			0.0,
			0.0,
			610.54790966802932,
			0.0,
			682.5,
			352.0,
			1.0
		],
		"width" : 1366
	},
	"version_major" : 1,
	"version_minor" : 0
}