{
	"class_name" : "PinholeCameraParameters",
	"extrinsic" : 
	[
		-0.83795512680555084,
		0.32545347503296496,
		-0.43807675246383554,
		0.0,
		-0.27962828983669524,
		0.43329482244526818,
		0.85677512590243232,
		0.0,
		0.46865683072296999,
		0.84043776237808998,
		-0.2720756192414357,
		0.0,
		-0.37519978703164608,
		-0.77743287331827993,
		0.30264761563776621,
		1.0
	],
	"intrinsic" : 
	{
		"height" : 705,
		"intrinsic_matrix" : 
		[
			610.54790966802932,
			0.0,
			0.0,
			0.0,
			610.54790966802932,
			0.0,
			682.5,
			352.0,
			1.0
		],
		"width" : 1366
	},
	"version_major" : 1,
	"version_minor" : 0
}