{
	"class_name" : "PinholeCameraParameters",
	"extrinsic" : 
	[
		-0.68310614671595871,
		0.44329964809886269,
		-0.58038901980852442,
		0.0,
		-0.40125889104389145,
		0.4361923757391129,
		0.80543622572199669,
		0.0,
		0.61021086083181253,
		0.7830846910408179,
		-0.1200877678217281,
		0.0,
		-0.48635122207490666,
		-0.72832819678946792,
		0.30320752891264308,
		1.0
	],
	"intrinsic" : 
	{
		"height" : 705,
		"intrinsic_matrix" : 
		[
			610.54790966802932,
			0.0,
			0.0,
			0.0,
			610.54790966802932,
			0.0,
			682.5,
			352.0,
			1.0
		],
		"width" : 1366
	},
	"version_major" : 1,
	"version_minor" : 0
}